id,company_id,title,internship,technical,job_url
1,2,'Visual Designer',0,0,'http://www.20x200.com/jobs/6'
2,2,'Front-End Developer',0,1,'http://www.20x200.com/jobs/5'
3,2,'Design Intern',1,0,'http://www.20x200.com/jobs/4'
4,10,'Account Executives',0,0,'http://adsafemedia.com/about-adsafe/careers/account-executives'
5,10,'Account Supervisor',0,0,'http://adsafemedia.com/about-adsafe/careers/account-supervisor'
6,10,'Ad Operations Manager',0,0,'http://adsafemedia.com/about-adsafe/careers/ad-operations-manager'
7,10,'Business Development Managers',0,0,'http://adsafemedia.com/about-adsafe/careers/business-development-managers'
8,10,'Client Services Managers',0,0,'http://adsafemedia.com/about-adsafe/careers/client-services-managers'
9,10,'Data Science Intern',1,0,'http://adsafemedia.com/about-adsafe/careers/data-science-intern'
10,10,'Freelance Visual Designer',0,0,'http://adsafemedia.com/about-adsafe/careers/freelance-visual-designer'
11,10,'Java Engineers (Big data and Hadoop)',0,1,'http://adsafemedia.com/about-adsafe/careers/java-engineers-big-data-and-hadoop'
12,10,'Javascript Engineer / UI Developer',0,1,'http://adsafemedia.com/about-adsafe/careers/javascript-engineer-and-ui-developer'
13,10,'TechOps Engineer',0,1,'http://animoto.com/blog/devops/?utm_source=rss&utm_medium=rss&utm_campaign=devops'
14,14,'Senior Director of Product Marketing',0,0,'http://animoto.com/blog/senior-director-product-marketing/?utm_source=rss&utm_medium=rss&utm_campaign=senior-director-product-marketing'
15,14,'Visual Designer',0,0,'http://animoto.com/blog/visual-designer/?utm_source=rss&utm_medium=rss&utm_campaign=visual-designer'
16,14,'Technical Product Manager',0,0,'http://animoto.com/blog/technical-product-manager/?utm_source=rss&utm_medium=rss&utm_campaign=technical-product-manager'
17,14,'Software Engineer',0,1,'http://animoto.com/blog/software-engineer-platform/?utm_source=rss&utm_medium=rss&utm_campaign=software-engineer-platform'
18,14,'Social Media Marketing Manager',0,0,'http://animoto.com/blog/social-media-marketing-manager/?utm_source=rss&utm_medium=rss&utm_campaign=social-media-marketing-manager'
19,14,'Senior Director, CRMLifeCycle Marketing',0,0,'http://animoto.com/blog/senior-director-crmlifecycle-marketing/?utm_source=rss&utm_medium=rss&utm_campaign=senior-director-crmlifecycle-marketing'
20,14,'Product Manager',0,0,'http://animoto.com/blog/product-manager/?utm_source=rss&utm_medium=rss&utm_campaign=product-manager'
21,14,'Software Engineer -Flash/Javascript',0,1,'http://animoto.com/blog/software-engineer-flash/?utm_source=rss&utm_medium=rss&utm_campaign=software-engineer-flash'
22,14,'Senior Sofware Engineer - Engine',0,1,'http://animoto.com/blog/senior-software-engineer-engine/?utm_source=rss&utm_medium=rss&utm_campaign=senior-software-engineer-engine'
23,16,'Backend Developer',0,1,'http://www.appboy.com/jobs'
24,16,'Android Developer',0,1,'http://www.appboy.com/jobs'
25,17,'Data Analysis – Analyst',0,0,'http://appnexus.com/open-positions?jvi=o8b8Vfw6'
26,17,'Ad Server – Software Engineer',0,1,'http://appnexus.com/open-positions?jvi=oYhWVfwQ'
27,17,'Ad Server – Senior Software Engineer',0,1,'http://appnexus.com/open-positions?jvi=orB9WfwR'
28,17,'Continuous Delivery – Software Engineer',0,1,'http://appnexus.com/open-positions?jvi=oVq8Vfw8'
29,17,'Data Infrastructure – Lead Software Engineer',0,1,'http://appnexus.com/open-positions?jvi=otLsVfwl'
30,17,'David Infrastructure - Senior Software Engineer',0,1,'http://appnexus.com/open-positions?jvi=ooxjVfwT'
31,17,'User Interface – Engineering Manager',0,0,'http://appnexus.com/open-positions?jvi=o5RSVfwt'
32,18,'Developer',0,1,'http://art.sy/job/developer'
33,18,'Designer',0,0,'http://art.sy/job/designer'
34,18,'Director of Content Partnerships',0,0,'http://art.sy/job/director'
35,18,'Writer',0,0,'http://art.sy/job/writer'
36,18,'Arts Intern',1,0,'http://art.sy/job/arts-intern'
37,23,'VP of Engineering',0,1,'http://www.aviary.com/jobs-vp-engineering'
38,23,'Android Engineer',0,1,'http://www.aviary.com/jobs-android'
39,23,'iOS Engineer',0,1,'http://www.aviary.com/jobs-ios'
40,23,'UX Director',0,0,'http://www.aviary.com/jobs-ux'
41,23,'Executive Producer',0,0,'http://www.aviary.com/jobs-producer'
42,23,'Graphic Designer',0,0,'http://www.aviary.com/jobs-design'
43,23,'Office Manager',0,0,'http://www.aviary.com/jobs-office'
44,23,'Business Development Intern',1,0,'http://www.aviary.com/jobs-bdintern'
45,24,'Software Engineer',0,1,'https://www.axialmarket.com/about/careers/#job1'
46,24,'Member Development and Sales Manager',0,0,'https://www.axialmarket.com/about/careers/#job4'
47,24,'Account Manager',0,0,'https://www.axialmarket.com/about/careers/#job5'
48,30,'Interaction Designer',0,0,'http://www.behance.net/careers/view?id=1'
49,30,'Design Intern',1,0,'http://www.behance.net/careers/view?id=2'
50,30,'Community Intern',1,0,'http://www.behance.net/careers/view?id=3'
51,30,'PHP Backend Developer',0,1,'http://www.behance.net/careers/view?id=4'
52,30,'Big Data Engineer',0,1,'http://www.behance.net/careers/view?id=5'
53,30,'DevOps Engineer→',0,1,'http://www.behance.net/careers/view?id=6'
54,30,'Javascript Ninja',0,1,'http://www.behance.net/careers/view?id=7'
55,30,'QA Engineer',0,1,'http://www.behance.net/careers/view?id=8'
56,31,'Developer',0,1,'http://www.bestvendor.com/jobs'
57,31,'Community Manager',0,1,'http://www.bestvendor.com/jobs'
58,37,'Web / UX Designer',0,1,'http://www.bluefountainmedia.com/hiring'
59,34,'Design and Photography Internship',1,0,'http://birchbox.theresumator.com/http://birchbox.theresumator.com'
60,34,'Director of Analytics and Insights',0,0,'http://birchbox.theresumator.com/'
61,34,'Executive Assistant',0,0,'http://birchbox.theresumator.com/'
62,34,'Manager, Merchandising Marketing and Inside Sales',0,0,'http://birchbox.theresumator.com/'
63,34,'Public Relations PR Intern',1,0,'http://birchbox.theresumator.com/'
64,34,'Senior Data Scientist - Analytics and Software Engineering',0,1,'http://birchbox.theresumator.com/'
65,34,'Senior eCommerce Planner',0,1,'http://birchbox.theresumator.com/'
66,34,'Social Media Intern',0,1,'http://birchbox.theresumator.com/'
67,34,'Software Engineer - New Graduate 2012',0,1,'http://birchbox.theresumator.com/'
68,34,'Web / UX Designer',0,0,'http://birchbox.theresumator.com/'
69,47,'Design Intern',1,0,'http://carrot.is/hiring#design'
70,47,'Developer',0,1,'http://carrot.is/hiring#design'
71,47,'Developer Intern',1,0,'http://carrot.is/hiring'
72,47,'Creative Intern',1,0,'http://carrot.is/hiring'
73,47,'Strategist Intern',1,0,'http://carrot.is/hiring/apply/for/brooklyn/strategymarketing/intern'
74,47,'Producer & Business intern',1,0,'http://carrot.is/hiring'
75,54,'Front End Engineer',0,1,'http://www.jobscore.com/jobs/cinchcast/list'
76,54,'Front-end Architecht',0,1,'http://www.jobscore.com/jobs/cinchcast/list'
77,54,'Interactive PRoduct Designer',0,1,'http://www.jobscore.com/jobs/cinchcast/list'
78,54,'Product Manager',0,1,'http://www.jobscore.com/jobs/cinchcast/list'
79,54,'Account Executives',0,0,'http://www.jobscore.com/jobs/cinchcast/list'
80,54,'Account Manager',0,1,'http://www.jobscore.com/jobs/cinchcast/list'
81,54,'Customer Support Representative',0,0,'http://www.jobscore.com/jobs/cinchcast/list'
82,56,'Web Engineer',0,1,'http://www.citypockets.com/jobs'
83,56,'Sr. Linux Infrastructure Engineer',0,1,'http://www.collectivei.com/join-us/'
84,58,'Product Manager',0,0,'http://www.collectivei.com/join-us/'
85,58,'Operations Research Analyst',0,0,'http://www.collectivei.com/join-us/'
86,58,'Knowledge Management & Collaboration Analyst / Engineer',0,1,'http://www.collectivei.com/join-us/'
87,58,'Information & Data Integration System Analyst / Engineer',0,1,'http://www.collectivei.com/join-us/'
88,58,'Analytics Application Developer/Engineer',0,0,'http://www.collectivei.com/join-us/'
89,58,'Analytical Engine Developer',0,1,'http://www.collectivei.com/join-us/'
90,60,'Account Manager (Customer Success Manager)',0,0,'http://www.conductor.com/about/careers/details?jvi=okGiVfwX,Job'
91,60,'Customer Success Intern (Paid)',0,0,'http://www.conductor.com/about/careers/details?jvi=oPpjWfwd,Job'
92,60,'Entry Level Quality Assurance Engineer',0,1,'http://www.conductor.com/about/careers/details?jvi=oUDhWfwu,Job'
93,60,'Front End Java Developer',0,1,'http://www.conductor.com/about/careers/details?jvi=oCUlWfwx,Job'
94,60,'Java Platform Engineer',0,1,'http://www.conductor.com/about/careers/details?jvi=oELkVfwo,Job'
95,60,'Senior Java Engineer',0,1,'http://www.conductor.com/about/careers/details?jvi=orciWfwB,Job'
96,60,'Future Interest in Conductor',0,0,'http://www.conductor.com/about/careers/details?jvi=ofShWfw4,Job'
97,60,'Director, Product Management',0,0,'http://www.conductor.com/about/careers/details?jvi=oaw6Vfwr,Job'
98,60,'Senior Product Manager',0,0,'http://www.conductor.com/about/careers/details?jvi=oNQiWfwB,Job'
99,60,'Inside Sales Representative',0,0,'http://www.conductor.com/about/careers/details?jvi=oZTlWfwT,Job'
100,60,'Presales Engineer',0,1,'http://www.conductor.com/about/careers/details?jvi=oyumWfw4,Job'
101,60,'SaaS Sales Representative',0,0,'http://www.conductor.com/about/careers/details?jvi=oSShWfwH,Job'
102,60,'Senior SaaS Sales Representative',0,0,'http://www.conductor.com/about/careers/details?jvi=oolmWfwL,Job'
103,63,'Hacker and Software Engineer',0,1,'http://lore.com/jobs/engineer'
104,63,'Interaction Designer with a Passion for UI',0,0,'http://lore.com/jobs/interaction-designer-with-a-passion-for-ui'
105,63,'Community Manager',0,0,'http://lore.com/jobs/community-manager'
106,63,'New and Upcoming Graduates',0,0,'http://lore.com/jobs/new-grads'
107,63,'Campus Founder',1,0,'http://lore.com/jobs/campus-founder'
108,63,'Software Engineer Intern',1,0,'http://lore.com/jobs/engineer-intern'
109,63,'CEO Apprentice',1,0,'http://lore.com/jobs/ceo-apprentice'
110,64,'kickass full-stack Rails developer',0,1,'http://craftcoffee.com/jobs'
111,66,'Business Development Intern',1,0,'http://crowdtap.it/jobs/'
112,66,'Computer and Information Scientist, Research',0,1,'http://crowdtap.it/jobs/'
113,66,'Junior Software Engineer',0,1,'http://crowdtap.it/jobs/'
114,66,'Manager, Strategic Relationships',0,0,'http://crowdtap.it/jobs/'
115,66,'Marketing Intern',1,0,'http://crowdtap.it/jobs/'
116,66,'Member Management Intern',1,0,'http://crowdtap.it/jobs/'
117,66,'Software Engineer',0,1,'http://crowdtap.it/jobs/'
118,66,'Software Engineer Intern',1,1,'http://crowdtap.it/jobs/'
119,75,'Drupal Themer',0,1,'http://www.dosomething.org/about/team/jobs#frontend'
120,75,'Drupal Developer',0,1,'http://www.dosomething.org/about/team/jobs#drupal'
121,77,'Web Developer',0,1,'http://www.authenticjobs.com/jobs/11894'
122,77,'Mac/iOS Developer',0,1,'http://www.authenticjobs.com/jobs/11894'
123,77,'Design Intern',1,0,'http://www.authenticjobs.com/jobs/11896'
124,79,'Sales Support Manager',0,0,'http://jobs.efficiency20.com/jobs/2012/04/10/sales-support-manager.html'
125,79,'Operations Associate',0,0,'http://jobs.efficiency20.com/jobs/2012/04/10/operations-associate.html'
126,79,'Community Marketing Coordinator',0,0,'http://jobs.efficiency20.com/jobs/2012/04/10/community-marketing-coordinator-rochester.html'
127,79,'Energy Efficiency Original Content Developer',0,0,'http://jobs.efficiency20.com/jobs/2012/03/01/content-contractor.html'
128,79,'Community Marketing Coordinator',0,0,'http://jobs.efficiency20.com/jobs/2012/03/01/community-marketing-coordinator-detroit.html'
129,79,'Community Marketing Coordinator',0,0,'http://jobs.efficiency20.com/jobs/2012/03/01/community-marketing-coordinator-chicago.html'
130,79,'Community Marketing Coordinator',0,0,'http://jobs.efficiency20.com/jobs/2012/03/01/community-marketing-coordinator-arkansas.html'
131,79,'Visual Designer',0,0,'http://jobs.efficiency20.com/jobs/2012/02/23/visual-designer.html'
132,79,'Senior Web Designer',0,0,'http://jobs.efficiency20.com/jobs/2012/02/23/senior-web-designer.html'
133,79,'Regulatory Outreach Manager',0,0,'http://jobs.efficiency20.com/jobs/2012/02/23/regulatory-outreach-manager.html'
134,79,'Director, Regulatory Affairs',0,0,'http://jobs.efficiency20.com/jobs/2012/02/23/regulatory-affairs-director.html'
135,79,'Client Engagements Director',0,0,'http://jobs.efficiency20.com/jobs/2012/02/23/client-enagements-director.html'
136,79,'Marketing Manager',0,0,'http://jobs.efficiency20.com/jobs/2011/09/28/marketing-manager.html'
137,79,'Energy Efficiency Engineer',0,1,'http://jobs.efficiency20.com/jobs/2011/09/28/energy-efficiency-engineer.html'
138,79,'Senior Software Engineer - Ruby',0,1,'http://jobs.efficiency20.com/jobs/2011/05/05/senior-software-engineer-ruby.html'
139,79,'Spring/Summer Internship in Business Operations',1,0,'http://jobs.efficiency20.com/jobs/2011/04/16/business-ops-intern.html'
140,82,'Android Developer',0,1,'http://www.etsy.com/jobs/job_description.php?job_id=otD9WfwV'
141,82,'Sr. Software Engineer: Mobile',0,1,'http://www.etsy.com/jobs/job_description.php?job_id=o5LeWfwK'
142,82,'iPhone Developer',0,1,'http://www.etsy.com/jobs/job_description.php?job_id=o4t5Vfwh'
143,82,'Network Engineer',0,1,'http://www.etsy.com/jobs/job_description.php?job_id=o9b1Vfw0'
144,82,'Payment Risk Operations Agent',0,0,'http://www.etsy.com/jobs/job_description.php?job_id=oNKeWfwr'
145,82,'Product Manager: Checkout',0,0,'http://www.etsy.com/jobs/job_description.php?job_id=oTvcWfwg'
146,82,'User Researcher',0,1,'http://www.etsy.com/jobs/job_description.php?job_id=o0Q7VfwC'
147,82,'Web Production Designer',0,0,'http://www.etsy.com/jobs/job_description.php?job_id=ohdhWfwr'
148,82,'Front-End Architect',0,1,'http://www.etsy.com/jobs/job_description.php?job_id=oSN3Vfwn'
149,82,'Network Security Engineer',0,1,'http://www.etsy.com/jobs/job_description.php?job_id=oVTSVfwl'
150,82,'Product Security Engineer',0,1,'http://www.etsy.com/jobs/job_description.php?job_id=oKNHVfwT'
151,82,'Senior Software Engineer: Seller Tools',0,1,'http://www.etsy.com/jobs/job_description.php?job_id=oovfWfwO'
152,82,'Software Engineer',0,1,'http://www.etsy.com/jobs/job_description.php?job_id=ozhhVfwM'
153,82,'Software Engineer: API Lead',0,1,'http://www.etsy.com/jobs/job_description.php?job_id=o4EbWfwz'
154,82,'Software Engineer: Buyer Experience',0,1,'http://www.etsy.com/jobs/job_description.php?job_id=oJoaWfwX'
155,82,'Software Engineer: Data',0,1,'http://www.etsy.com/jobs/job_description.php?job_id=o1kFVfwF'
156,82,'Software Engineer: Etsy Blogs',0,1,'http://www.etsy.com/jobs/job_description.php?job_id=oO8bWfwN'
157,82,'Software Engineer: Marketplace Operations',0,1,'http://www.etsy.com/jobs/job_description.php?job_id=osgaWfwy'
158,82,'Software Engineer: Security and Defensive Systems',0,1,'http://www.etsy.com/jobs/job_description.php?job_id=olfaWfwq'
159,82,'Sr. Software Engineer: Anti-Spam',0,1,'http://www.etsy.com/jobs/job_description.php?job_id=ooMHVfww'
160,82,'Sr. Software Engineer: Continuous Deployment Infrastructure',0,1,'http://www.etsy.com/jobs/job_description.php?job_id=oEEEVfwB'
161,82,'Sr. Software Engineer: Core Platform',0,1,'http://www.etsy.com/jobs/job_description.php?job_id=oA4HVfw0'
162,82,'Sr. Software Engineer: Hadoop',0,1,'http://www.etsy.com/jobs/job_description.php?job_id=oqbJVfwZ'
163,82,'Sr. Software Engineer: Internationalization',0,1,'http://www.etsy.com/jobs/job_description.php?job_id=oADjWfwc'
164,82,'Sr. Software Engineer: Java Search and Data Infrastructure',0,1,'http://www.etsy.com/jobs/job_description.php?job_id=oIllVfw3'
165,82,'Sr. Software Engineer: Payments',0,1,'http://www.etsy.com/jobs/job_description.php?job_id=oVwFVfwL'
166,85,'Python Developer',0,1,'http://ex.fm/jobs'
167,85,'Android Developer',0,1,'http://ex.fm/jobs'
168,85,'Designer',0,1,'http://ex.fm/jobs'
169,91,'Editorial and Social Media Intern',1,0,'http://fathomaway.com/jobs/'
170,91,'Art, Photo, Video Intern ',1,0,'http://fathomaway.com/jobs/'
171,93,'Software Developer',1,0,'http://www.fitocracy.com/jobs/'
172,94,'Front End Developer',0,1,'http://jobs.flavorpill.com/apply/1tikxs/Frontend-Developer.html'
173,94,'Mobile Developer',0,1,'http://jobs.flavorpill.com/apply/n0DjkX/Mobile-Developer.html'
174,94,'Ruby Developer',0,1,'http://jobs.flavorpill.com/apply/5LhTLe/Ruby-On-Rails-Developer.html'
175,105,'Front-end Engineer',0,1,'http://www.gamechanger.io/careers'
176,105,'Mobile Developer',0,1,'http://www.gamechanger.io/careers'
177,105,'Dev-ops\' Unix Hacker',0,1,'http://www.gamechanger.io/careers'
178,105,'Back End Developer',0,1,'http://www.gamechanger.io/careers'
179,105,'Head of Marketing',0,0,'http://www.gamechanger.io/careers'
180,105,'Customer Service Manager',0,0,'http://www.gamechanger.io/careers'
181,111,'Contributing Writer',0,0,'http://greatist.com/careers/'
182,111,'Staff Writer',0,0,'http://greatist.com/careers/'
183,111,'Editorial Intern',1,0,'http://greatist.com/careers/'
184,111,'Contributing Photographer',0,0,'http://greatist.com/careers/'
185,111,'Technical Leader',0,1,'http://greatist.com/careers/'
186,111,'Lead Designer/The Muse',0,0,'http://greatist.com/careers/'
187,116,'Administrative Assistant',0,0,'http://www.getharvest.com/careers/administrative-assistant'
188,116,'Customer Support Specialist',0,0,'http://www.getharvest.com/careers/customer-support-specialist'
189,116,'Data-Driven Marketing Manager',0,0,'http://www.getharvest.com/careers/data-driven-marketing-manager'
190,116,'Junior Rails Developer',0,1,'http://www.getharvest.com/careers/junior-rails-developer'
191,116,'Rails Developer',0,1,'http://www.getharvest.com/careers/rails-developer'
192,116,'Ruby Systems Dev',0,1,'http://www.getharvest.com/careers/systems-dev'
193,116,'Web App Designer',0,1,'http://www.getharvest.com/careers/app-designer'
194,116,'Web Software Engineer',0,1,'http://www.getharvest.com/careers/web-software-engineer'
195,117,'Data Analytics Engineer',0,1,'http://hashable.com/jobs/dataanalyticsengineer'
196,118,'Web Developer',0,1,'http://shop.holstee.com/pages/web-developer'
197,120,'Frontend/UX Engineer',0,1,'http://www.hotlist.com/careers/http://www.hotlist.com/careers/'
198,120,'MySQL Database Engineer',0,1,'http://www.hotlist.com/careers/http://www.hotlist.com/careers/'
199,120,'Senior PHP Developer',0,1,' http://www.hotlist.com/careers/'
200,120,'Software Developer - New Grad',0,1,'http://www.hotlist.com/careers/'
201,120,'Software Engineer',0,1,'http://www.hotlist.com/careers/'
202,120,'Community Manager',0,0,'http://www.hotlist.com/careers/'
203,120,'QA Manager',0,0,'http://www.hotlist.com/careers/'
204,123,'Developers',0,1,'http://hunch.com/info/jobs/'
205,123,'Applied Researchers',0,0,'http://hunch.com/info/jobs/'
206,123,'Software Development Interns (Paid)',0,1,'http://hunch.com/info/jobs/'
207,125,'Photo Art Director – Tabletop / Still Life',0,0,'http://tbe.taleo.net/NA3/ats/careers/requisition.jsp?org=IDEELI&cws=1&rid=152'
208,125,'Retoucher, Freelance',0,0,'http://tbe.taleo.net/NA3/ats/careers/requisition.jsp?org=IDEELI&cws=1&rid=196'
209,125,'Accounting Director-Retail',0,0,'http://tbe.taleo.net/NA3/ats/careers/requisition.jsp?org=IDEELI&cws=1&rid=149'
210,125,'Intern-Merchandising PAID (part-time)',1,0,'http://tbe.taleo.net/NA3/ats/careers/requisition.jsp?org=IDEELI&cws=1&rid=161'
211,125,'Sr. Merchandising Sales Production Associate',0,0,'http://tbe.taleo.net/NA3/ats/careers/requisition.jsp?org=IDEELI&cws=1&rid=197'
212,125,'Merchandising Sales Production Associate',0,0,'http://tbe.taleo.net/NA3/ats/careers/requisition.jsp?org=IDEELI&cws=1&rid=194'
213,125,'Merchandise Planning Manager',0,0,'http://tbe.taleo.net/NA3/ats/careers/requisition.jsp?org=IDEELI&cws=1&rid=134'
214,125,'Part-Time Social Media Specialist',0,0,'http://tbe.taleo.net/NA3/ats/careers/requisition.jsp?org=IDEELI&cws=1&rid=130'
215,125,'Associate Buyer Women\'s',0,0,'http://tbe.taleo.net/NA3/ats/careers/requisition.jsp?org=IDEELI&cws=1&rid=199'
216,125,'Assistant Buyer',0,0,'http://tbe.taleo.net/NA3/ats/careers/requisition.jsp?org=IDEELI&cws=1&rid=198'
217,125,'Merchandising Production Coordinator',0,0,'http://tbe.taleo.net/NA3/ats/careers/requisition.jsp?org=IDEELI&cws=1&rid=119'
218,125,'Customer Service Training and Quality Manager',0,0,'http://tbe.taleo.net/NA3/ats/careers/requisition.jsp?org=IDEELI&cws=1&rid=195'
219,125,'Jr. Retoucher, Fulltime',0,0,'http://tbe.taleo.net/NA3/ats/careers/requisition.jsp?org=IDEELI&cws=1&rid=192'
220,125,'Accounts Payable Manager',0,0,'http://tbe.taleo.net/NA3/ats/careers/requisition.jsp?org=IDEELI&cws=1&rid=190'
221,125,'Application Support Engineer',0,1,'http://tbe.taleo.net/NA3/ats/careers/requisition.jsp?org=IDEELI&cws=1&rid=193'
222,125,'Director of Finance and Accounting',0,0,'http://tbe.taleo.net/NA3/ats/careers/requisition.jsp?org=IDEELI&cws=1&rid=184'
223,125,'Systems Engineer - Linux',0,1,'http://tbe.taleo.net/NA3/ats/careers/requisition.jsp?org=IDEELI&cws=1&rid=124'
224,125,'Technology Delivery Manager',0,0,'http://tbe.taleo.net/NA3/ats/careers/requisition.jsp?org=IDEELI&cws=1&rid=189'
225,125,'VP of Product',0,0,'http://tbe.taleo.net/NA3/ats/careers/requisition.jsp?org=IDEELI&cws=1&rid=164'
226,125,'Art Director – Graphic Design',0,0,'http://tbe.taleo.net/NA3/ats/careers/requisition.jsp?org=IDEELI&cws=1&rid=181'
227,125,'SOFTWARE ENGINEERS - All Levels',0,1,'http://tbe.taleo.net/NA3/ats/careers/requisition.jsp?org=IDEELI&cws=1&rid=128'
228,125,'Site Performance Engineer',0,0,'http://tbe.taleo.net/NA3/ats/careers/requisition.jsp?org=IDEELI&cws=1&rid=188'
229,125,'Buyer - Ladies Accessories',0,0,'http://tbe.taleo.net/NA3/ats/careers/requisition.jsp?org=IDEELI&cws=1&rid=99'
230,125,'Development Manager / Tech Lead',0,0,'http://tbe.taleo.net/NA3/ats/careers/requisition.jsp?org=IDEELI&cws=1&rid=101'
231,125,'Data Entry - Temp',0,0,'http://tbe.taleo.net/NA3/ats/careers/requisition.jsp?org=IDEELI&cws=1&rid=187'
232,125,'Accounts Payable Specialist',0,0,'http://tbe.taleo.net/NA3/ats/careers/requisition.jsp?org=IDEELI&cws=1&rid=90'
233,125,'Sr. Staff Accountant',0,0,'http://tbe.taleo.net/NA3/ats/careers/requisition.jsp?org=IDEELI&cws=1&rid=185'
234,125,'Customer Service Representative',0,0,'http://tbe.taleo.net/NA3/ats/careers/requisition.jsp?org=IDEELI&cws=1&rid=122'
235,125,'CSS Developer - freelance',0,0,'http://tbe.taleo.net/NA3/ats/careers/requisition.jsp?org=IDEELI&cws=1&rid=169'
236,125,'Technical Project Manager',0,0,'http://tbe.taleo.net/NA3/ats/careers/requisition.jsp?org=IDEELI&cws=1&rid=165'
237,125,'Photo Art Director (Freelance) – Still Life',0,0,'http://tbe.taleo.net/NA3/ats/careers/requisition.jsp?org=IDEELI&cws=1&rid=167'
238,125,'Photo Art Director (Freelance, Night Shift)',0,0,'http://tbe.taleo.net/NA3/ats/careers/requisition.jsp?org=IDEELI&cws=1&rid=176'
239,125,'Photo Art Director – Tabletop / Still Life (Freelance, Night Shift)',0,0,'http://tbe.taleo.net/NA3/ats/careers/requisition.jsp?org=IDEELI&cws=1&rid=175'
240,125,'Photo Art Director (freelance)',0,0,'http://tbe.taleo.net/NA3/ats/careers/requisition.jsp?org=IDEELI&cws=1&rid=166'
241,125,'QA Software Engineer',0,0,'http://tbe.taleo.net/NA3/ats/careers/requisition.jsp?org=IDEELI&cws=1&rid=159'
242,125,'VP of Communications',0,0,'http://tbe.taleo.net/NA3/ats/careers/requisition.jsp?org=IDEELI&cws=1&rid=157'
243,125,'Ruby on Rails Team Lead',0,1,'http://tbe.taleo.net/NA3/ats/careers/requisition.jsp?org=IDEELI&cws=1&rid=44'
244,125,'Ruby On Rails Senior Backend Engineer',0,1,'http://tbe.taleo.net/NA3/ats/careers/requisition.jsp?org=IDEELI&cws=1&rid=46'
245,125,'Creative Director',0,0,'http://tbe.taleo.net/NA3/ats/careers/requisition.jsp?org=IDEELI&cws=1&rid=154'
246,125,'Senior Project / Program Manager',0,0,'http://tbe.taleo.net/NA3/ats/careers/requisition.jsp?org=IDEELI&cws=1&rid=91'
247,125,'Lead QA Software Engineer (Automation)',0,1,'http://tbe.taleo.net/NA3/ats/careers/requisition.jsp?org=IDEELI&cws=1&rid=97'
248,125,'Applications / Technical Architect - eCommerce',0,1,'http://tbe.taleo.net/NA3/ats/careers/requisition.jsp?org=IDEELI&cws=1&rid=117'
249,127,'Computer Vision Engineer',0,1,'http://immersivelabsjobs.theresumator.com/apply/R2ZU2J/Computer-Vision-Engineer.html'
250,127,'Embedded Systems Engineer',1,1,'http://immersivelabsjobs.theresumator.com/apply/vvtU1Q/Mobile-Embedded-Systems-Engineer.html'
251,127,'Computer Vision Intern',0,1,'http://immersivelabsjobs.theresumator.com/apply/ktuCQg/Computer-Vision-Intern.html'
252,130,'Software Engineer',0,1,'http://intentmedia.theresumator.com/apply/pxxhrJ/Software-Engineer.html'
253,130,'Account Manager',0,0,'http://intentmedia.theresumator.com/apply/fKZr7h/Account-Manager.html'
254,130,'Data Scientist',0,0,'http://intentmedia.theresumator.com/apply/BAiWI8/Data-Scientist.html'
255,130,'Chief Data Scientist',0,0,'http://intentmedia.theresumator.com/apply/y5OtEE/Chief-Data-Scientist.html'
256,130,'Partner Integration Engineer',0,1,'http://intentmedia.theresumator.com/apply/4Cj3Co/Partner-Integration-Engineer.html'
257,134,'Back-end Developer',0,1,'http://joor.theresumator.com/apply/LXYqhX/Backend-Developer.html'
258,134,'Database Manager',0,0,'http://joor.theresumator.com/apply/pe1G5l/Database-Manager.html'
259,134,'Product Manager',0,0,'http://joor.theresumator.com/apply/PrySXr/Product-Manager.html'
260,134,'Senior User Experience Designer',0,0,'http://joor.theresumator.com/apply/ixeOyd/Senior-User-Experience-Designer.html'
261,134,'Software Engineer',0,1,'http://joor.theresumator.com/apply/KPzvtY/Software-Engineer.html'
262,138,'Executive Assistant',0,0,'kikin.com/jobs'
263,138,'QA Engineer',0,0,'kikin.com/jobs'
264,138,'Search/Server Engineer',0,1,'kikin.com/jobs'
265,138,'Android Engineer',0,1,'kikin.com/jobs'
266,138,'iOS Engineer',0,1,'kikin.com/jobs'
267,138,'Engineer/Hacker Intern',1,0,'kikin.com/jobs'
268,138,'Engineer/Hacker',0,1,'kikin.com/jobs'
269,140,'Software Engineer (Cassandra+)',0,1,'http://knewton.theresumator.com/apply/xYwHXb/Software-Engineer-Cassandra.html'
270,140,'Infrastructure Software Engineer',0,1,'http://knewton.theresumator.com/apply/iaAh5m/Infrastructure-Software-Engineer.html'
271,140,'Data Scientist',0,0,'http://knewton.theresumator.com/apply/g80iuG/Data-Scientist.html'
272,140,'User Experience Designer',0,0,'http://knewton.theresumator.com/apply/aq8gao/User-Experience-Designer.html'
273,140,'Art Director',0,0,'http://knewton.theresumator.com/apply/NEcLnh/Art-Director.html'
274,143,'Visual Designer – Internship, Paid',1,0,'leanstartupmachine.com/jobs'
275,143,'Workshop Coordinator aka Fire Starter  - Part Time, Paid',0,0,'leanstartupmachine.com/jobs'
276,143,'Writer aka Inspirer – Part Time, Paid',0,1,'leanstartupmachine.com/jobs'
277,143,'Web Engineer aka The Architect  - Part Time, Paid',0,1,'leanstartupmachine.com/jobs'
278,143,'Sales aka Sponsorship Hacker  - Part Time or Full Time, Paid',0,0,'leanstartupmachine.com/jobs'
279,144,'Customer Support',0,0,'http://nyc.lifebooker.com/jobs/7'
280,144,'Lead Ruby on Rails Engineer',0,1,'http://nyc.lifebooker.com/jobs/3'
281,144,'Business Analyst',0,0,'http://nyc.lifebooker.com/jobs/8'
282,144,'Marketing Strategist (Inside Sales)',0,0,'http://nyc.lifebooker.com/jobs/2'
283,148,'Software Engineer - Video Platform Team, Advertising',0,0,'http://www.longtailvideo.com/jw/?item=Software_Engineer_Advertising'
284,148,'Software Engineer - Video Platform Team, Search',0,1,'http://www.longtailvideo.com/jw/?item=Software_Engineer_Search'
285,148,'Software Engineer - Video Platform Team, Analytics',0,1,'http://www.longtailvideo.com/jw/?item=Software_Engineer_Analytics'
286,148,'Software Engineer - JW Player Team',0,1,'http://www.longtailvideo.com/jw/?item=Software_Engineer_JW_Player'
287,148,'Software Engineer - Web Development Team (Application)',0,1,'http://www.longtailvideo.com/jw/?item=Software_Engineer_Application'
288,148,'Software Engineer - Web Development Team (HTML/CSS)',0,1,'http://www.longtailvideo.com/jw/?item=Software_Engineer_HTML_CSS'
289,148,'Web Designer - Web Development Team',0,1,'http://www.longtailvideo.com/jw/?item=Web_Designer'
290,149,'Community Director',0,0,'https://www.loosecubes.com/l/work_at_loosecubes'
291,149,'Director of Business Development',0,0,'https://www.loosecubes.com/l/work_at_loosecubes'
292,149,'Ruby Developer',0,1,'https://www.loosecubes.com/l/work_at_loosecubes'
293,149,'Interaction Designer',0,0,'https://www.loosecubes.com/l/work_at_loosecubes'
294,151,'Magnify.net Sales Assistant',0,0,'http://magnifyjobs.magnify.net/'
295,151,'Sales Engineer',0,0,'http://magnifyjobs.magnify.net/'
296,151,'Developer',0,1,'http://magnifyjobs.magnify.net/'
297,154,'Office Manager',0,0,'http://marqueemedia.com/about/careers'
298,154,'Ruby on Rails Developer',0,1,'http://marqueemedia.com/about/careers'
299,154,'Copy Editor',0,0,'http://marqueemedia.com/about/careers'
300,155,'Account Executive',0,0,'http://m6d.com/careers/join-us/'
301,155,'Account Management',0,0,'http://m6d.com/careers/join-us/'
302,155,'Account Manager',0,0,'http://m6d.com/careers/join-us/'
303,155,'Ad Operations/Trafficking Coordinator',0,0,'http://m6d.com/careers/join-us/'
304,155,'Computer and Information Scientist, Research',0,0,'http://m6d.com/careers/join-us/'
305,155,'Contract Front end Web-application Developer (Javascript, CSS, HTML)',0,0,'http://m6d.com/careers/join-us/'
306,155,'Graphic Designer',0,0,'http://m6d.com/careers/join-us/'
307,155,'Product Development',0,0,'http://m6d.com/careers/join-us/'
308,155,'Product Manager',0,0,'http://m6d.com/careers/join-us/'
309,155,'Senior QA Engineer',0,1,'http://m6d.com/careers/join-us/'
310,156,'Administrative Assistant',0,0,'http://www.mediamath.com//about/careers/administrative-assistant/'
311,156,'Platform Account Specialist, Self-Service Solutions',0,0,'http://www.mediamath.com//about/careers/platform-account-specialist-self-service-solutions/'
312,156,'Business Development Director',0,0,'http://www.mediamath.com//about/careers/business-development-director/'
313,156,'Sales Engineer',0,1,'http://www.mediamath.com//about/careers/sales-engineer/'
314,156,'Contract Technical Recruiter',0,0,'http://www.mediamath.com//about/careers/contract-technical-recruiter/'
315,156,'Solutions Engineer',0,1,'http://www.mediamath.com//about/careers/solutions-engineer/'
316,156,'User Experience (UX) Designer',0,0,'http://www.mediamath.com//about/careers/interaction-designer/'
317,156,'Sales Director',0,0,'http://www.mediamath.com//about/careers/sales-director-1/'
318,156,'Systems Administrator',0,0,'http://www.mediamath.com//about/careers/systems-administrator/'
319,156,'Yield Analyst',0,0,'http://www.mediamath.com//about/careers/yield-analyst/'
320,156,'Software Engineer in Test',0,1,'http://www.mediamath.com//about/careers/software-engineer-in-test/'
321,156,'UI Developer',0,0,'http://www.mediamath.com//about/careers/ui-developer/'
322,156,'Senior Software Developer, API',0,1,'http://www.mediamath.com//about/careers/senior-software-developer-api/'
323,156,'Sales Director',0,0,'http://www.mediamath.com//about/careers/sales-manager-1/'
324,156,'Account Planner - Media Solutions',0,0,'http://www.mediamath.com//about/careers/account-planner---media-solutions/'
325,156,'Summer Internships',1,0,'http://www.mediamath.com//about/careers/summer-internships/'
326,156,'Product Manager',0,0,'http://www.mediamath.com//about/careers/product-manager/'
327,156,'Sales Director',0,0,'http://www.mediamath.com//about/careers/sales-director-2/'
328,156,'QA Engineer',0,1,'http://www.mediamath.com//about/careers/qa-engineer/'
329,156,'Finance Director',0,0,'http://www.mediamath.com//about/careers/finance-director/'
330,156,'Business Intelligence Manager/Director',0,0,'http://www.mediamath.com//about/careers/business-intelligence-manager-director/'
331,158,'iOS Developer',0,0,'http://www.memrise.com/about/jobs/'
332,158,'Front end Engineer / UX / UI',0,1,'http://www.memrise.com/about/jobs/'
333,158,'Film-Maker / Sound Designer / Animator',0,0,'http://www.memrise.com/about/jobs/'
334,158,'Philosopher & Artists in residence',0,0,'http://www.memrise.com/about/jobs/'
335,160,'Backend Developer',0,1,'http://mixel.cc/jobs'
336,161,'Marketing Director',0,0,'http://www.jobscore.com/jobs/mobilecommons/marketing-director/amEm14H9Kr4B02eJe4bk1X'
337,161,'Product VP',0,0,'http://www.jobscore.com/jobs/mobilecommons/product-vp/aLTrMceF4r4AyheJe4bk1X'
338,161,'UX Design Lead',0,0,'http://www.jobscore.com/jobs/mobilecommons/ux-design-lead/bSCEQ0egCr4ygyeJe4bk1X'
339,161,'Senior Software Engineer (Web)',0,1,'http://www.jobscore.com/jobs/mobilecommons/senior-software-engineer-web/cDI9pkn-yr4yJNeJe4bk1X'
340,161,'Email Marketing Guru',0,0,'http://www.jobscore.com/jobs/mobilecommons/email-marketing-guru/c11J62GLOr4BOieJe4bk1X'
341,161,'Junior & Mid-level Saas Sales People',0,0,'http://www.jobscore.com/jobs/mobilecommons/junior-mid-level-saas-sales-people/ddOF0o-Nur4jFkeJe4bk1X'
342,161,'Sales VP',0,0,'http://www.jobscore.com/jobs/mobilecommons/sales-vp/bKZCASes8r4zZreJe4bk1X'
343,168,'Engineers',0,1,'http://www.ad60.com/jobs/'
344,168,'Designers',0,0,'http://www.ad60.com/jobs/'
345,174,'Python Engineers',0,1,'http://www.news.me/'
346,174,'iOs Engineer',0,1,'http://www.news.me/'
347,174,'Front End Engineers',0,1,'http://www.news.me/'
348,177,'Assistant Controller',0,0,'http://imga.nxjimg.com/emp_image/nextjump/docs/assistant_controller.pdf'
349,177,'Junior Accountant Associate',0,0,'http://imga.nxjimg.com/emp_image/nextjump/docs/junior_accountant_associate.pdf'
350,177,'Accounts Payable Clerk',0,0,'http://imgb.nxjimg.com/emp_image/nextjump/docs/accounts_payable_clerk.pdf'
351,177,'Software Engineer - Web Applications',0,1,'http://imgb.nxjimg.com/emp_image/nextjump/docs/engineer.pdf'
352,177,'Software Engineer - Web Applications Intern',0,1,'http://imga.nxjimg.com/emp_image/nextjump/docs/engineer_intern.pdf'
353,177,'Graphic Designer',0,0,'http://imga.nxjimg.com/emp_image/nextjump/docs/graphic_designer.pdf'
354,177,'Database Administrator',0,1,'http://imgb.nxjimg.com/emp_image/nextjump/docs/db_admin.pdf'
355,177,'Product Manager',0,0,'http://imgb.nxjimg.com/emp_image/nextjump/docs/product-manager.pdf'
356,177,'Quality Assurance Engineer',0,1,'http://imgb.nxjimg.com/emp_image/nextjump/docs/qa_engineer.pdf'
357,177,'Web Applications Developer - Site Operations Team',0,1,'http://imgb.nxjimg.com/emp_image/nextjump/docs/dev_ops.pdf'
358,179,'Systems Administrator',0,1,'http://nrelate.com/jobs/'
359,179,'Lead Algorithms Developer',0,1,'http://nrelate.com/jobs/'
360,179,'Front-End UI/UX engineer',0,0,'http://nrelate.com/jobs/'
361,182,'VP Sales',0,0,'http://offerpop.com/SiteCareers.psp'
362,182,'Sales Representative',0,0,'http://offerpop.com/SiteCareers.psp'
363,182,'Director of Business Development',0,0,'http://offerpop.com/SiteCareers.psp'
364,182,'Business Development Representative',0,0,'http://offerpop.com/SiteCareers.psp'
365,182,'Business Development Intern',1,0,'http://offerpop.com/SiteCareers.psp'
366,182,'Facebook and Twitter Developer',0,0,'http://offerpop.com/SiteCareers.psp'
367,182,'Business Analytics Manager',0,0,'http://offerpop.com/SiteCareers.psp'
368,182,'Social Media Consultant',0,0,'http://offerpop.com/SiteCareers.psp'
369,182,'Marketing Intern',1,0,'http://offerpop.com/SiteCareers.psp'
370,184,'Advertising Software Engineer',0,1,'http://blog.onswipe.com/jobs/advertising-software-engineer'
371,184,'Graphic & Interaction Design',0,0,'http://blog.onswipe.com/jobs/graphic-interaction-design-intern'
372,184,'CSS Sales Engineer',0,1,'http://blog.onswipe.com/jobs/css-sales-engineer'
373,184,'Backend Node.js Engineer',0,1,'http://blog.onswipe.com/jobs/backend-node-js-engineer'
374,184,'Frontend HTML5/Javascript Touch Engineer',0,1,'http://blog.onswipe.com/jobs/frontend-html5-javascript-job'
375,184,'Business Development Associate',0,0,'http://blog.onswipe.com/jobs/bd-internship'
376,185,'Intern',1,0,'https://opensky.com/content/jobs/intern-retail'
377,185,'Graphic Designer',0,0,'https://opensky.com/content/jobs/job-detail-gdny'
378,185,'Buyer, Healthy Living',0,0,'https://opensky.com/content/jobs/job-detail-hlbny'
379,185,'Senior Buyer, Home and Design',0,0,'https://opensky.com/content/jobs/job-detail-sbhdny'
380,185,'Customer Service Representative',0,0,'https://opensky.com/content/jobs/job-detail-csrny'
381,185,'Jr. HTML Designer',0,0,'https://opensky.com/content/jobs/job-detail-jhdny'
382,186,'Editorial Intern',0,0,'http://www.oyster.com/about/jobs/'
383,186,'Freelance Photographer',0,0,'http://www.oyster.com/about/jobs/'
384,186,'Engineering Manager',0,0,'http://www.oyster.com/about/jobs/'
385,186,'Senior Software Engineer',0,0,'http://www.oyster.com/about/jobs/'
386,186,'Account Manager -- Display Ads',0,0,'http://www.oyster.com/about/jobs/'
387,186,'Data Researcher',0,0,'http://www.oyster.com/about/jobs/'
388,188,'Web Developer',0,1,'http://www.paperlesspost.com/info/about/jobs/jobs'
389,188,'Quality Assurance Engineer',0,1,'http://www.paperlesspost.com/info/about/jobs/jobs'
390,188,'Product Manager',0,0,'http://www.paperlesspost.com/info/about/jobs/jobs'
391,188,'Product Designer',0,0,'http://www.paperlesspost.com/info/about/jobs/jobs'
392,188,'DBA/Database Operations Engineer',0,1,'http://www.paperlesspost.com/info/about/jobs/jobs'
393,188,'Software Engineer in Test',0,1,'http://www.paperlesspost.com/info/about/jobs/jobs'
394,188,'Mobile Web Developer',0,1,'http://www.paperlesspost.com/info/about/jobs/jobs'
395,188,'iOS Applications Developer',0,1,'http://www.paperlesspost.com/info/about/jobs/jobs'
396,188,'Interface Designer',0,0,'http://www.paperlesspost.com/info/about/jobs/jobs'
397,188,'Front End Developer',0,1,'http://www.paperlesspost.com/info/about/jobs/jobs'
398,188,'Graphic Designer',0,0,'http://www.paperlesspost.com/info/about/jobs/jobs'
399,190,'Senior Database Administrator',0,1,'http://www.peekyou.com/jobs'
400,190,'Web Developer - PHP & MySQL',0,1,'http://www.peekyou.com/jobs'
401,190,'Specialist/Blogger - Social Media',0,0,'http://www.peekyou.com/jobs'
402,190,'PAID Internship - Social Media Engagement',0,0,'http://www.peekyou.com/jobs'
403,190,'PAID Internship - Web Developer (PHP/MySQL)',0,0,'http://www.peekyou.com/jobs'
404,195,'Mobile Engineer',0,1,'http://www.pixable.com/about_us/jobs.php'
405,195,'Lead UI Engineer',0,1,'http://www.pixable.com/about_us/jobs.php'
406,196,'Senior Front-End Engineer',0,1,'http://blog.plyfe.me/jobs'
407,196,'HTML5 Game Developer',0,0,'http://blog.plyfe.me/jobs'
408,196,'Game Manager & Strategician',0,0,'http://blog.plyfe.me/jobs'
409,196,'Data Scientist',0,0,'http://blog.plyfe.me/jobs'
410,196,'Economist',0,0,'http://blog.plyfe.me/jobs'
411,196,'Project Manager',0,0,'http://blog.plyfe.me/jobs'
412,196,'Community Manager',0,0,'http://blog.plyfe.me/jobs'
413,199,'Web Developer - Internship',1,0,'http://jobs.producteev.com/j-2-46'
414,200,'Sr. Search Marketing Specialist (SEO/SEM)',0,0,'http://www.promediacorp.com/careers/sr-search-marketing-specialist-seosem/'
415,200,'Web Applications Developer (PHP, JS, AJAX, HTML/CSS)',0,1,'http://www.promediacorp.com/careers/web-applications-developer'
416,200,'Drupal Developer / Drupalist',0,1,'http://www.promediacorp.com/careers/drupalist'
417,201,'Front-End Developer',0,1,'http://www.quirky.com/about#careers'
418,201,'UI/Interaction Designer',0,0,'http://www.quirky.com/about#careers'
419,201,'Community Ambassador',0,0,'http://www.quirky.com/about#careers'
420,201,'Ruby on Rails Web Developer',0,1,'http://www.quirky.com/about#careers'
421,201,'Senior Electrical Engineer',0,1,'http://www.quirky.com/about#careers'
422,201,'Head of Community',0,0,'http://www.quirky.com/about#careers'
423,201,'Junior Bookkeeper',0,0,'http://www.quirky.com/about#careers'
424,201,'Assistant Brand Manager',0,0,'http://www.quirky.com/about#careers'
425,201,'Product Operations Coordinator',0,0,'http://www.quirky.com/about#careers'
426,201,'Marketing Coordinator',0,0,'http://www.quirky.com/about#careers'
427,201,'Industrial Design Internship',1,0,'http://www.quirky.com/about#careers'
428,201,'Video Editing Intern',1,0,'http://www.quirky.com/about#careers'
429,205,'Marketing and Events Intern',1,0,'http://recordsetter.com/jobs'
430,205,'Editorial Intern',1,0,'http://recordsetter.com/jobs'
431,205,'Video Intern',1,0,'http://recordsetter.com/jobs'
432,205,'Tech Intern',1,0,'http://recordsetter.com/jobs'
434,208,'Sales Director',0,0,'http://www.refinery29.com/careers'
435,208,'Buyer/Merchandiser',0,0,'http://www.refinery29.com/careers'
436,208,'Controller',0,0,'http://www.refinery29.com/careers'
437,208,'Intern: Photography Team',1,0,'http://www.refinery29.com/careers'
438,208,'Intern: Graphic Design',1,0,'http://www.refinery29.com/careers'
439,208,'Developer/Software Engineer',0,1,'http://www.refinery29.com/careers'
440,208,'Search Engineer',0,1,'http://www.refinery29.com/careers'
441,208,'Senior Web Application Developer',0,1,'http://www.refinery29.com/careers'
442,208,'Senior Software Engineer',0,1,'http://www.refinery29.com/careers'
443,216,'Senior Python Developer',0,1,'http://savored.com/jobs/#sr-python-dev'
444,217,'Senior Python Developer',0,1,'http://www.sayforexample.com/careers.html'
445,218,'Web Developer (PHP)',0,1,'https://www.schoology.com/job-openings.php'
446,218,'QA Engineer',0,1,'https://www.schoology.com/job-openings.php'
447,218,'Administrative Assistant',0,0,'https://www.schoology.com/job-openings.php'
448,220,'Web Engineer',0,1,'http://seatgeek.com/jobs/web_engineer/'
449,220,'DevOps Lead',0,0,'http://seatgeek.com/jobs/devops/'
450,220,'Interface Director',0,0,'http://seatgeek.com/jobs/frontend/'
451,220,'Digital Sales Director',0,0,'http://seatgeek.com/jobs/sales_director/'
452,220,'Blog Writer',0,0,'http://seatgeek.com/jobs/blog_writer/'
453,220,'Marketing Intern',1,0,'http://seatgeek.com/jobs/marketing_intern/'
454,220,'Sports Analyst Intern',1,0,'http://seatgeek.com/jobs/sports_analyst_intern/'
455,222,'Senior Data Scientist Position',0,0,'http://www.sensenetworks.com/about_careers.php'
456,222,'User Interface Designer',0,0,'http://www.sensenetworks.com/jobs/user_interface_designer'
457,222,'Software Engineer',0,1,'http://www.sensenetworks.com/jobs/software_engineer'
458,222,'Quality Engineer',0,1,'http://www.sensenetworks.com/jobs/quality_engineer'
459,222,'3D Graphics Researcher',0,0,'http://www.sensenetworks.com/jobs/3d_graphics_researcher'
460,222,'Recruiter',0,0,'http://www.sensenetworks.com/jobs/recruiter'
461,222,'Director of Operations',0,0,'http://www.sensenetworks.com/jobs/director_of_operations'
462,222,'Product Manager Backoffice',0,0,'http://www.sensenetworks.com/jobs/product_manager_backoffice'
463,226,'Front-End Developer',0,1,'http://www.showme.com/careers_front_end_ft/'
464,226,'Lead IX Designer',0,0,'http://www.showme.com/careers_designer/'
465,226,'Lead iOS Developer',0,1,'http://www.showme.com/careers_ios/'
466,229,'Sales Associate',0,0,'http://www.signpost.com/careers/sales_associate'
467,229,'Software Engineer',0,1,'http://www.signpost.com/careers/software_engineer'
468,231,'Front-end Engineer',0,1,'http://skillshare.theresumator.com/apply/Nw55nU/FrontEnd-Engineer.html'
469,231,'Summer Internships',1,0,'http://skillshare.theresumator.com/apply/NzeLWd/Summer-Internships.html'
470,231,'Engineer',0,1,'http://skillshare.theresumator.com/apply/mssQxN/Engineer.html'
471,231,'Product Designer',0,0,'http://skillshare.theresumator.com/apply/hjcpTz/Product-Designer.html'
472,231,'Community Ambassador',0,0,'http://www.skillshare.com/site/communityAmbassador'
473,232,'User Interface Engineer',0,1,'http://www.slader.com/team-slader/#jobs'
474,232,'Python/Django Expert',0,1,'http://www.slader.com/team-slader/#jobs'
475,239,'Senior Engineer',0,1,'http://www.sonar.me/jobs'
476,239,'Senior Mobile Engineer',0,1,'http://www.sonar.me/jobs'
477,240,'Senior Engineer(Python/Django)',0,1,'http://blog.songtrust.com/jobs/python-engineer/'
478,240,'Front End Developer',0,1,'http://blog.songtrust.com/jobs/front-end-developer/'
479,240,'Python/Django Intern',1,1,'http://blog.songtrust.com/jobs/python-intern/'
480,244,'Client Services Coordinator',0,0,'http://www.sponsorhub.com/careers'
481,244,'SEO Director',0,0,'http://www.sponsorhub.com/careers'
482,244,'PHP Director',0,1,'http://www.sponsorhub.com/careers'
483,244,'Sales Representatives',0,0,'http://www.sponsorhub.com/careers'
484,244,'Social Media Strategist',0,0,'http://www.sponsorhub.com/careers'
485,246,'Senior Product Designer',0,0,'http://careers.squarespace.com/'
486,246,'Data Acquisition and Server-Side Engineer',0,1,'http://careers.squarespace.com/'
487,246,'Data Scientist',0,1,'http://careers.squarespace.com/'
488,246,'Front End Developer',0,1,'http://careers.squarespace.com/'
489,246,'Senior Infrastructure Engineer',0,1,'http://careers.squarespace.com/'
490,246,'Senior Software Engineer',0,1,'http://careers.squarespace.com/'
491,246,'Senior Systems Administrator',0,1,'http://careers.squarespace.com/'
492,246,'Software Engineer',0,1,'http://careers.squarespace.com/'
493,246,'Systems Administrator',0,1,'http://careers.squarespace.com/'
494,246,'Principal User Experience Researcher',0,0,'http://careers.squarespace.com/'
495,246,'Product Manager - Global Payments & Billing',0,0,'http://careers.squarespace.com/'
496,246,'Senior Product Manager',0,0,'http://careers.squarespace.com/'
497,246,'Customer Support Specialist',0,0,'http://careers.squarespace.com/'
498,246,'Workshops Specialist',0,0,'http://careers.squarespace.com/'
499,246,'Product/Design Intern',1,0,'http://careers.squarespace.com/'
500,246,'Software Engineer - Intern',1,0,'http://careers.squarespace.com/'
501,246,'Software Engineer - Intern',1,0,'http://careers.squarespace.com/'
502,246,'Software Engineer - Intern',1,0,'http://careers.squarespace.com/'
503,249,'Designer / Front-End Web Developer',0,1,'http://www.strayboots.com/careers/'
504,249,'Django / Python Developer',0,1,'http://www.strayboots.com/careers/'
505,249,'Digital Photography & Videography Internship',1,0,'http://www.strayboots.com/careers/'
506,249,'Analyst Internship',1,0,'http://www.strayboots.com/careers/'
507,249,'Marketing Internship',1,0,'http://www.strayboots.com/careers/'
508,249,'Marketing and Operations Associate',0,0,'http://www.strayboots.com/careers/'
509,252,'Engineering',0,1,'http://www.sulia.com/jobs'
510,252,'Associate Editor',0,0,'http://www.sulia.com/jobs'
511,254,'Game Designer',0,0,'http://www.jobscore.com/jobs/tapedition/game-designer/bQ8Uo0KHir4z0FeJe4bk1X'
512,254,'Senior PHP Developer',0,1,'http://www.jobscore.com/jobs/tapedition/senior-php-developer/bdYGU8GPir4zBbeJe4bk1X'
513,254,'Tech Marketing Intern',1,0,'http://www.jobscore.com/jobs/tapedition/tech-marketing-intern/cro-xIFrqr4AmfeJe4bk1X'
514,254,'Business Development Manager',0,0,'http://www.jobscore.com/jobs/tapedition/business-development-manager/ciTq3oAwir4BZ2eJe4bk1X'
515,254,'Tech Account Executive',0,0,'http://www.jobscore.com/jobs/tapedition/tech-account-executive/bX5aaYEs8r4AOneJe4bk1X'
516,254,'Tech Sales Intern',1,0,'http://www.jobscore.com/jobs/tapedition/tech-sales-intern/ccCrBMFrmr4AmfeJe4bk1X'
517,258,'\n\nDirector, Signature\n\n',0,0,'https://careers-theladders.icims.com/jobs/1141/job'
518,258,'\n\nFront End Developer\n\n',0,1,'https://careers-theladders.icims.com/jobs/1139/job'
519,258,'\n\nSenior Account Executive, Enterprise Sales\n\n',0,0,'https://careers-theladders.icims.com/jobs/1138/job'
520,258,'\n\nAccount Executive, National Sales\n\n',0,0,'https://careers-theladders.icims.com/jobs/1136/job'
521,258,'\n\nDatabase Developer\n\n',0,1,'https://careers-theladders.icims.com/jobs/1135/job'
522,258,'\n\nSoftware Engineer\n\n',0,1,'https://careers-theladders.icims.com/jobs/1134/job'
523,258,'\n\nResume Writer\n\n',0,0,'https://careers-theladders.icims.com/jobs/1133/job'
524,258,'\n\nAssociate Public Relations Manager\n\n',0,0,'https://careers-theladders.icims.com/jobs/1130/job'
525,258,'\n\nLead UX Designer\n\n',0,1,'https://careers-theladders.icims.com/jobs/1128/job'
526,258,'\n\nManager, Strategic Initiatives\n\n',0,0,'https://careers-theladders.icims.com/jobs/1124/job'
527,258,'\n\nDirector, Consumer CRM Marketing\n\n',0,0,'https://careers-theladders.icims.com/jobs/1121/job'
528,258,'\n\nDirector, Consumer Acquisition Marketing\n\n',0,0,'https://careers-theladders.icims.com/jobs/1120/job'
529,258,'\n\nDirector, Consumer Sales\n\n',0,0,'https://careers-theladders.icims.com/jobs/1119/job'
530,258,'\n\nVP, Finance\n\n',0,0,'https://careers-theladders.icims.com/jobs/1118/job'
531,258,'\n\nSales Development Representative\n\n',0,0,'https://careers-theladders.icims.com/jobs/1114/job'
532,258,'\n\nLead SQL Database Engineer\n\n',0,1,'https://careers-theladders.icims.com/jobs/1110/job'
533,261,'Ad Sales, New York',0,0,'http://www.thrillist.com/careers/'
534,261,'Assistant Buyer',0,0,'http://www.thrillist.com/careers/'
535,261,'Associate Buyer - Men\'s Decor',0,0,'http://www.thrillist.com/careers/'
536,261,'Buying Intern',1,0,'http://www.thrillist.com/careers/'
537,261,'Design Intern',1,0,'http://www.thrillist.com/careers/'
538,261,'DevOps',0,0,'http://www.thrillist.com/careers/'
539,261,'Director, CRM Marketing',0,0,'http://www.thrillist.com/careers/'
540,261,'Front End Developer',0,1,'http://www.thrillist.com/careers/'
541,261,'Fulfillment/Warehouse Liaison',0,0,'http://www.thrillist.com/careers/'
542,261,'Graphic Designer',0,0,'http://www.thrillist.com/careers/'
543,261,'Lead Android Developer',0,1,'http://www.thrillist.com/careers/'
544,261,'Planning Intern',1,0,'http://www.thrillist.com/careers/'
545,261,'PR Intern',1,0,'http://www.thrillist.com/careers/'
546,261,'Quality Assurance Engineer (Web)',0,1,'http://www.thrillist.com/careers/'
547,261,'Retail Cost Accountant',0,0,'http://www.thrillist.com/careers/'
548,261,'Senior Accountant/Accounting Supervisor',0,0,'http://www.thrillist.com/careers/'
549,261,'Shipping Performance & Logistics Manager',0,0,'http://www.thrillist.com/careers/'
550,261,'Thrillist Rewards National Partnership Manager',0,0,'http://www.thrillist.com/careers/'
551,261,'Web Applications Developer',0,1,'http://www.thrillist.com/careers/'
552,263,'Full Stack Ruby on Rails Developer',0,1,'http://timehop.com/joinus'
553,263,'Front End Developer',0,1,'http://timehop.com/joinus'
554,263,'Backend Developer',0,1,'http://timehop.com/joinus'
555,265,'\n\nSoftware Engineers - ALL LEVELS\n\n',0,1,'https://jobs-totsy.icims.com/jobs/1022/job'
556,265,'\n\nSystems Administrator (Linux)\n\n',0,1,'https://jobs-totsy.icims.com/jobs/1021/job'
557,265,'\n\nQA Engineer\n\n',0,1,'https://jobs-totsy.icims.com/jobs/1020/job'
558,265,'\n\nBack-End Software Engineers\n\n',0,1,'https://jobs-totsy.icims.com/jobs/1019/job'
559,265,'\n\nFront-End Software Engineers\n\n',0,1,'https://jobs-totsy.icims.com/jobs/1018/job'
560,265,'\n\nData Coordinator\n\n',0,0,'https://jobs-totsy.icims.com/jobs/1017/job'
561,265,'\n\nBuyer\n\n',0,0,'https://jobs-totsy.icims.com/jobs/1014/job'
562,265,'\n\nCopywriter\n\n',0,0,'https://jobs-totsy.icims.com/jobs/1012/job'
563,265,'\n\nCopywriter\n\n',0,0,'https://jobs-totsy.icims.com/jobs/1011/job'
564,268,'Account Executive',0,0,'http://www.tradecard.com/about/careers/accountexecus.html'
565,268,'Account Manager',0,0,'http://www.tradecard.com/about/careers/accountmanager.html'
566,268,'Buyer Client Manager',0,0,'http://www.tradecard.com/about/careers/buyercm.html'
567,268,'Product Designer',0,0,'http://www.tradecard.com/about/careers/productdesignerus.html'
568,268,'Professional Services Software Engineer',0,0,'http://www.tradecard.com/about/careers/techdevus.html'
569,268,'Project Manager (New York)',0,0,'http://www.tradecard.com/about/careers/srprojmanagers_solutionarchitects.html'
570,268,'Project Manager (San Francisco Bay Area)',0,0,'http://www.tradecard.com/about/careers/projectmanagersf.html'
571,268,'Software Engineer (New York)',0,1,'http://www.tradecard.com/about/careers/tech.html'
572,268,'Technical Analyst (New York)',0,0,'http://www.tradecard.com/about/careers/businessanalystny.html'
573,268,'Technical Writer (New York)',0,0,'http://www.tradecard.com/about/careers/technicalwriterus.html'
574,268,'Technical Writer/Trainer (New York) \n',0,0,'http://www.tradecard.com/about/careers/techwriterus.html'
575,268,'Account Executive',0,0,'http://www.tradecard.com/about/careers/accountexec.html'
576,268,'Business Analyst',0,0,'http://www.tradecard.com/about/careers/businessanalysthk.html'
577,268,'Buyer Client Manager',0,0,'http://www.tradecard.com/about/careers/buyercmhk.html'
578,268,'Technical Developer',0,1,'http://www.tradecard.com/about/careers/techdevhk.html'
579,268,'Technical Writer',0,0,'http://www.tradecard.com/about/careers/techwriterhk.html'
580,268,'Customer Service Representative',0,0,'http://www.tradecard.com/about/careers/customerservicerep.html'
581,268,'Customer Service Representative (Can Speak Fluent Vietnamese & English)',0,0,'http://www.tradecard.com/about/careers/customerservicerepsz.html'
582,268,'Operations Assistant',0,0,'http://www.tradecard.com/about/careers/operationsassistant.html'
583,268,'Technical Writer',0,0,'http://www.tradecard.com/about/careers/techwritersz.html'
584,268,'Technical Writer',0,0,'http://www.tradecard.com/about/careers/techwritertw.html'
585,268,'Business Analysts',0,0,'http://www.tradecard.com/about/careers/businessanalyst.html'
586,268,'Client Executive',0,0,'http://www.tradecard.com/about/careers/clientexec.html'
587,268,'Customer Service Executives',0,0,'http://www.tradecard.com/about/careers/customerserviceexec.html'
588,268,'Data Analysts',0,0,'http://www.tradecard.com/about/careers/dataanalyst.html'
589,268,'Developer/ Software Engineer',0,0,'http://www.tradecard.com/about/careers/developersoftwareengineer.html'
590,268,'Product Designer',0,0,'http://www.tradecard.com/about/careers/productdesigner.html'
591,268,'Project Manager',0,0,'http://www.tradecard.com/about/careers/projectmanager.html'
592,268,'Quality Assurance Engineers (With EDI experience)',0,1,'http://www.tradecard.com/about/careers/qaengineer.html'
593,268,'Solution Quality Analysts/ Associate Business Analysts',0,0,'http://www.tradecard.com/about/careers/solutionqualityanalyst.html'
594,268,'Technical Consultants (Data Integration Architecture - Java)',0,0,'http://www.tradecard.com/about/careers/techconsultant.html'
595,268,'Technical Developer Supervisor',0,1,'http://www.tradecard.com/about/careers/techdevsupervisor.html'
596,268,'Technical Developers (Java)',0,1,'http://www.tradecard.com/about/careers/techdev.html'
597,270,'Product Designer',0,0,'http://startups.hackruiter.com/tutorspree'
598,270,'Developer',0,1,'http://startups.hackruiter.com/tutorspree'
599,273,'2 x Front End Engineers',0,1,'http://visualrevenue.com/aboutus/jobs'
600,273,'1 x Back End Engineer',0,1,'http://visualrevenue.com/aboutus/jobs'
601,273,'1 x Lead UX/UI Designer',0,0,'http://visualrevenue.com/aboutus/jobs'
602,273,'1 x Sales Director',0,0,'http://visualrevenue.com/aboutus/jobs'
603,279,'Senior ',0,0,''
604,279,'Senior Integration Engineer',0,1,'http://www.jobscore.com/jobs/voxeljobs/senior-integration-engineer/adDws6DsKr4y_WeJe4bk1X'
605,279,'Data Center Technician',0,1,'http://www.jobscore.com/jobs/voxeljobs/data-center-technician/dbrVQYYP0r4l9IeJe4bk1X'
606,279,'Linux System Administrator',0,1,'http://www.jobscore.com/jobs/voxeljobs/linux-system-administrator/cBK-2QwI4r4ip_eJe4bk1X'
607,279,'Linux Systems Administrator',0,1,'http://www.jobscore.com/jobs/voxeljobs/linux-systems-administrator/apzmf43ECr4j4beJe4bk1X'
608,279,'Senior Linux System Administrator',0,1,'http://www.jobscore.com/jobs/voxeljobs/senior-linux-system-administrator/dDrbROwTar4lt-eJe4bk1X'
609,279,'Senior Network and Systems Administrator',0,1,'http://www.jobscore.com/jobs/voxeljobs/senior-network-and-systems-administrator/aH7ME2BsCr4Az_eJe4bk1X'
610,279,'Summer 2012 Internships (Engineering, Ops, Marketing & Finance)',1,0,'http://www.jobscore.com/jobs/voxeljobs/summer-2012-internships-engineering-ops-marketing-finance/aO87WYFZ0r4AyneJe4bk1X'
611,279,'Windows Level 2 System Administrator',0,1,'http://www.jobscore.com/jobs/voxeljobs/windows-level-2-system-administrator/cZJ73iGLKr4jQTeJe4bk1X'
612,279,'Enterprise Sales Account Executive (Singapore)',0,0,'http://www.jobscore.com/jobs/voxeljobs/enterprise-sales-account-executive-singapore/cYu2cMYiKr4jtIeJe4bk1X'
613,280,'Affiliate, Referral, and Partnership Marketing Summer Associate',0,0,'http://voxy.theresumator.com/apply/jobs/details/S5DIys?'
614,280,'Business Data Analyst Summer Associate',0,0,'http://voxy.theresumator.com/apply/jobs/details/DR0QQJ?'
615,280,'Frontend Engineer',0,1,'http://voxy.theresumator.com/apply/jobs/details/TcdAHE?'
616,280,'Mobile Application Developer Intern',1,1,'http://voxy.theresumator.com/apply/jobs/details/Bzv7uP?'
617,280,'PR & Content Summer Associate',0,0,'http://voxy.theresumator.com/apply/jobs/details/XGxmQJ?'
618,280,'Python Developer',0,1,'http://voxy.theresumator.com/apply/jobs/details/lcBJgZ?'
619,280,'Software Development Intern',1,1,'http://voxy.theresumator.com/apply/jobs/details/Cm0s2P?'
620,280,'Sr. IOS Developer',0,1,'http://voxy.theresumator.com/apply/jobs/details/2YLoBu?'
621,280,'User Experience Design Summer Associate',0,0,'http://voxy.theresumator.com/apply/jobs/details/qKLKmS?'
622,283,'Marketing Intern',1,0,'http://blog.wanderfly.com/jobs/'
623,283,'Design Intern',1,0,'http://blog.wanderfly.com/jobs/'
624,285,'Front end Web Developer',0,1,'http://www.warbyparker.com/jobs'
625,285,'Web Analyst',0,0,'http://www.warbyparker.com/jobs'
626,285,'Customer Experience Associate',0,0,'http://www.warbyparker.com/jobs'
627,285,'Customer Experience Intern',1,0,'http://www.warbyparker.com/jobs'
628,285,'Senior Financial Analyst',0,0,'http://www.warbyparker.com/jobs'
629,285,'Manager of Product Strategy',0,0,'http://www.warbyparker.com/jobs'
630,285,'Head of Customer Acquisition',0,0,'http://www.warbyparker.com/jobs'
631,293,'Enterprise Operations Specialist',0,0,'http://www.yext.com/company-enterpriseops.html'
632,293,'Facilities Manager',0,0,'http://tbe.taleo.net/NA5/ats/careers/requisition.jsp?org=YEXT&cws=1&rid=25'
633,293,'Frontend Developer',1,0,'http://tbe.taleo.net/NA5/ats/careers/requisition.jsp?org=YEXT&cws=1&rid=20'
634,293,'Sales Executives – multiple positions',0,0,'http://www.yext.com/company-salesexec.html'
635,293,'Software Engineers – multiple positions',0,0,'http://tbe.taleo.net/NA5/ats/careers/requisition.jsp?org=YEXT&cws=1&rid=22'
636,293,'Client Support Specialist',0,0,'http://tbe.taleo.net/NA5/ats/careers/requisition.jsp?org=YEXT&cws=1&rid=14'
637,293,'Yext Sales Associate',0,0,'http://tbe.taleo.net/NA5/ats/careers/requisition.jsp?org=YEXT&cws=1&rid=13'
638,295,'VP of National Client Services',0,0,'yodle.com/jobs/new-york/vp-of-national-client-services/'
639,295,'Assistant Controller',0,0,'yodle.com/jobs/new-york/assistant-controller/'
640,295,'Senior Data Analyst',0,0,'yodle.com/jobs/new-york/senior-data-analyst/'
641,295,'Strategic Financial Analyst',0,0,'yodle.com/jobs/new-york/strategic-financial-analyst/'
642,295,'Data Architect',0,0,'yodle.com/jobs/new-york/data-architect/'
643,295,'Senior Software Engineer',0,1,'yodle.com/jobs/new-york/senior-software-engineer/'
644,295,'Copywriter',0,0,'yodle.com/jobs/new-york/copywriter/'
645,295,'Director of National Marketing',0,0,'yodle.com/jobs/new-york/director-of-national-marketing/'
646,295,'Public Relations Manager',0,0,'yodle.com/jobs/new-york/public-relations-manager/'
647,295,'Senior Product Manager',0,0,'/jobs/new-york/senior-product-manager/'
648,298,'Practice Success ',0,0,'http://www.zocdoc.com/careers/practice-success-316'
649,298,'Account Manager',0,0,'http://www.zocdoc.com/careers/account-manager-324'